1	﻿怎么更改花呗手机号码	我的花呗是以前的手机号码，怎么更改成现在的支付宝的号码手机号	1
2	也开不了花呗，就这样了？完事了	真的嘛？就是花呗付款	0
3	花呗冻结以后还能开通吗	我的条件可以开通花呗借款吗	0
4	如何得知关闭借呗	想永久关闭借呗	0
5	花呗扫码付钱	二维码扫描可以用花呗吗	0
6	花呗逾期后不能分期吗	我这个 逾期后还完了 最低还款 后 能分期吗	0
7	花呗分期清空	花呗分期查询	0
8	借呗逾期短信通知	如何购买花呗短信通知	0
9	借呗即将到期要还的账单还能分期吗	借呗要分期还，是吗	0
10	花呗为什么不能支付手机交易	花呗透支了为什么不可以继续用了	0
11	在吗，双***有临时花呗额度吗	花呗临时额度到时间怎么办	0
12	我什么时候开通了花呗	查我什么时候用过，花呗	0
13	花呗每月还了最低还款后还会有万分之五的利息吗	花呗每个月最低还款怎么算	0
14	我想用蚂蚁借呗怎么用不了	蚂蚁借呗设置了一次性还款，现在想分期还款，怎么操作	0
15	花呗也不能用了	花呗没用过	0
16	花呗的安全没有验证成功	花呗安全验证没通过怎么回事	1
17	我开通不了借呗	我要申请借呗	0
18	借呗还款了，额度未恢复	借呗还款后额度没有恢复还显示借款	1
19	就是我花呗忘记还款了。逾期一天。有事吗	花呗账单在到期当天还款是逾期吗	0
20	我问你我借呗怎么要还钱	怎么一次性还蚂蚁借呗	0
21	是否有花呗就不可以借呗	不实用花呗就没有借呗吗	0
22	闲鱼可以使用花呗吗	花呗可以在闲鱼上面交易吗	1
23	花呗可以买手机吗	花呗逾期一天可以么	0
24	借呗每月还款时间	借呗多少天还款	0
25	花呗更改绑定银行卡	如何更换花呗绑定银行卡	1
26	人脸验证开通花呗	花呗怎么验证	0
27	借呗可以提前还第一期吗	蚂蚁借呗借款可以提前一次性还清吗	0
28	花呗付款成功为何美团显示支付超时	美团订单没显示付款成功但是花呗显示付了三遍订单	0
29	花呗我已经还了，现在要还借呗	我上个月已经还过的一笔，现在退回来的钱怎么还直接退回花呗	0
30	国外账户可以开通借呗吗	借呗逾期还能开通吗	0
31	但是我银行卡支付的为什么退回花呗	我这件衣服钱款为什么退回花呗	0
32	花呗***期免息	蚂蚁花呗***期免息什么意思	1
33	已经还了，借呗还能用吗	借呗逾期后还能借款吗	0
34	开通花呗不用的话会有费用吗	开通花呗不用，会不会产生费用	1
35	花呗怎样邀请好友	邀请好友开通借吧怎样邀请的	0
36	我没有这个蚂蚁借呗	我的蚂蚁借呗用不了了怎么回事？没有逾期	0
37	我昨天欠借呗多少钱	我的借呗欠了多少钱	0
38	为什么我不能开通花呗	开通花呗提示安全不通过	0
39	借呗提额输入密码了怎么还没提额	借呗提额还需要输入支付密码吗	0
40	我没给自己用花呗充话费，怎么自动充	这几天用花呗交了三次话费都没充上 怎么回事	0
41	花呗付款后，扣款成功为什么显示未支付	支付宝花呗扣款，商家显示未扣款	0
42	我蚂蚁借呗放款没有到账	借呗还款为什么没有到帐	1
43	上个月都用花呗，这个月也还款了，怎么还不能提额？是不是每个月都要用了一定的额度，才能提额	这个钱是***月的，退款之前我已经还清花呗了，现在不知怎么才能使用，现在买东西，花呗都是在我额度***里面扣的	0
44	开通花呗收款后，符合什么条件的商家或买家才可以使用花呗交易	我是商家，我已经申请了开通蚂蚁花呗和信用卡收款，为什么还是不可以	0
45	信用度多少才能用花呗	蚂蚁花呗多少积分才可以用	0
46	刚消费的，扣卡里的钱，没扣花呗的钱，怎么回事	我银行里有钱，怎么证明是花呗付的款	0
47	如何在花呗删除账单记录	花呗为什么说删除交易记录	0
48	花呗怎么付款不鸟了	帮忙看一下我花呗怎么用不了	1
49	为什么我的花呗一直没调	为什么我的花呗没有分期的功能	0
50	花呗临时额度可以分期还吗	临时额度和实际额度可以按一个账单一起分期还款吗	0
51	为啥我花呗叫话费都交不了	花呗暂时不能交话费 还是以后都不可以了	0
52	能用花呗收款收顾客的钱吗	私企可以花呗收款吗	0
53	蚂蚁借呗可以延长分期	可以晚***天还蚂蚁借呗吗	0
54	没有借呗怎么开通借呗	有没有什么办法可以自己开通蚂蚁借呗	0
55	商家二维码怎么开通花呗支付宝	怎么说不支持花呗开通商户	0
56	她的花呗已经逾期了	我的花呗逾期了 我现在一次性还完了	0
57	在支付宝找不到花呗	可我在支付宝花呗里没看到进账	0
58	支付宝花呗分期还款怎么提前还清	蚂蚁花呗分期付款可以全部提前还款吗	1
59	注销了一个花呗账号，新账号是否还能再开通花呗了	把以前的帐号注销，现在这个能开通花呗吗	1
60	花呗账单还没出，想提前还了怎么还	提前还花呗部分	0
61	被封的借呗什么时候恢复	求求你把我的借呗恢复	0
62	为何蚂蚁借呗不能使用了	我的借呗***年能有***年怎么不能用了	1
63	帮我开通蚂蚁花呗零时额度	里可以看到我花呗的临时额度	0
64	用了这么久的支付宝也不给开通借呗，哼	我用支付宝三四年了也不见给我开通借呗	1
65	花呗体验额度咋老这那	花呗体验额度最多是多少	0
66	借呗还款额度限制	还借呗余额限额	0
67	蚂蚁借呗的额度为什么会下降	为什么借呗额度被降低了，没有不良记录	1
68	花呗最低还款和花呗分期	花呗分期支持最低还款嘛	0
69	花呗开通年级	开通花呗添加银行卡	0
70	我想开通信用卡和花呗的收款码	我的蚂蚁花呗为什么不能开通吗	0
71	我花呗额度能不能给我调高点	为什么我的花呗的额度不升	0
72	花呗之前绑定的手机号码现在没用了，怎么解绑	花呗绑定的是另一个号码，蜜码和帐号忘记了，手机号码也注消了，怎么办	0
73	花呗线下还款是什么	花呗主动还款操作	0
74	我***月份花呗消费是***元，怎么要我还***元	我原本这个月总的花呗需要还***元，我还了一次***，又还了一个***，剩余的应该是***，为何现在的是***，应还额度为何莫名的多了***	1
75	用花呗刷卡可以吗	能用花呗扫一扫付款吗	0
76	花呗分期卖家手续费	花呗付款如何分期	0
77	花呗自动余额宝还款	缴纳电费 花呗自动扣款了，然后余额宝也扣款了	0
78	我的 借呗 在哪儿	借呗的qq	0
79	我的花呗没有绑定银行卡怎么还款	我还没有绑定银行卡，我花了花呗的钱，如果要还款的话要绑定银行卡才可以是吧	0
80	为什么双十二没有花呗零时额度	双***花呗有木有临时额度	0
81	借呗有晚一天还有没有逾期呀	借呗有逾期么	0
82	双***零时花呗额度	我要申请花呗临时额度	0
83	付款方式添加花呗怎么添加	怎样退出花呗付费方式	0
84	使用花呗支付会有短信提醒吗	***月***日的***元花呗没有支付提醒	0
85	借呗能提款不	借呗可以提款装修房子吗	0
86	我的花呗怎么不能用这个月还没有给我额度	花呗还款之后怎么额度没有了	0
87	付款金额多少可以使用花呗	花呗提额***到多少	0
88	怎么花呗不能支付	花呗付款不了怎么回事	1
89	花呗到还款日期还不了会怎么样	花呗现在为什么还不能还款	0
90	为什么我的收钱码打不开花呗收钱	我今天申请了花呗收款己通过，为什么不能使用花呗收款	0
91	我满足开通借呗的条件吗	我想咨询，为什么不能满足借呗条件	0
92	怎么感觉蚂蚁花呗钱越还欠的越多	我的花呗这怎么会欠你们这么多钱，请给我解释一下	0
93	借呗可以一次结清吗	借呗可以一年后再还吗	0
94	办理花呗分期后可以提前还清账单吗？利息高吗	提前还花呗要利息	0
95	花呗有退运费的	花呗的运费险退回哪	0
96	我前天 用了花呗，今天能够还款不，怎么还款	我用了蚂蚁花呗***元钱，不知道怎么还	0
97	找不到花呗	我的淘宝花呗怎么找不到	0
98	我绑定的银行卡还不上借呗	为啥我的花呗不能绑银行卡	0
99	我的花呗收不了款	我是厂家，人家用花呗付款，就是付***了，付不了	0
100	花呗支付可以使用购物津贴吗	使用购物津贴的费用可以用花呗吗	1
101	花呗还款有利息没	花呗还钱涨利息吗	0
102	为什么每个人的借呗日息不一样	为什么借呗利息有的高有的底	1
103	花呗服务怎么还款	我想还款，还花呗的钱	0
104	有的人不用花呗有***万的额度	花呗额度用完了	0
105	借呗还款余额有限额	蚂蚁借呗还款受到限额限制怎么办	0
106	借呗还款后是否可以恢复额度	借呗还款后额度怎么恢复不了	0
107	花呗不分期是不是叫没有手续费	花呗分期后全部结清有手续费吗	0
108	怎么邀请好友开通借呗	怎么邀请自己开通借呗	0
109	怎么开通，花呗收款	怎么注册可以花呗收钱的	1
110	我的花呗怎么用这用这不让用了	我花呗为什么不能用了	1
111	蚂蚁借呗分期付款能恢复额度吗	如何恢复借呗本身的额度	0
112	蚂蚁花呗还款期数可以更改吗	我之前设置的花呗分期还款现在可以更改吗	1
113	分期后花呗有多少额度	花呗可用额度	0
114	花呗里边的钱怎么办	退到花呗额度怎么办	0
115	花呗系统繁忙 是什么意思	点进花呗为什么是系统繁忙	1
116	支付宝如何用花呗预定酒店	我用花呗付酒店押金	0
117	信用卡和花呗支付是会	花呗和信用卡支付，也需要付款方复核	0
118	花呗交的电费为什么没有到账	我用花呗交电费，显示缴费成功，但没有到账，怎么回事	1
119	为什么借呗能开通花呗用不了	符合条件却不能开通花呗 借呗	0
120	我借呗能不能开通	如何开启借呗	1
121	不小心开通了花呗便利店周卡 如何取消	花呗分期 如何取消订单	0
122	花呗临时额度还了	临时花呗额度到期自动取消吗	0
123	蚂蚁花呗一天有使用次数限制吗	使用花呗付款功能每天有金额限制吗	0
124	花呗自动还款需要手续费ma	花呗自动还款还要收手续费吗	1
125	余额无法还花呗。绑定不了银行卡，如果还款	我的银行卡为什么不能还款给花呗	0
126	花呗可以买电动车吗	淘宝可以看花呗额度吗	0
127	借呗的自动还款怎样取消	借呗哪里取消自动还款	0
128	余额宝还借呗是还先存的还是还后存的	余额宝放三万，存半年，借呗会出吗	0
129	蚂蚁借呗，我的还款日不是今天	借呗还款日是怎嚒算	0
130	可以恢复删除的花呗账单吗	花呗咋删除	0
131	我是不是还是应该通过花呗还，也不能通过个人还吧	我花呗逾期了。不是故意逾期的	0
132	我点开看了花呗下月应还显示是***	花呗为什么显示下月还钱为零	0
133	花呗退款后为什么确认收货还是原来的价钱	退款花呗后为什么金额还是不变	1
134	借呗怎么操作主动还款	借呗还款怎么只有六个月的	0
135	借呗这次出现点我提额度永久的吗	怎么我的借呗没有额度了	0
136	花呗怎么不能用话费扣款	为什么花呗线下不能付款	0
137	同一张身份证两个支付宝账号都会有花呗吗	一个手机绑定多个账号的同时可以有多个花呗和借呗吗	0
138	我的花呗能重新评估吗	我想花呗升个几万	0
139	为什么我提前还不了花呗	为什么我现在花呗额度是负的，我想一次性还完却还不了	0
140	现在花呗不能用了是吧	麻烦不小，借呗搞得心情不好，现在花呗又不能支付	0
141	为什么我账户用不了花呗	要了我这个花呗，用不了什么情况，都差不多半年了	1
142	借呗提前还可以吗	如何提前还每个月借呗的钱	0
143	所以我今天用的花呗 就是下个月再还了	花呗是这个月花钱，下个月还款吗	1
144	花呗最后还款期能修改吗	我的花呗还款后可以恢复吗	0
145	花呗被冻结怎么恢复	花呗被封了怎么解除	1
146	蚂蚁借呗原来可以分***个月，现在怎么只有***个月	借呗可以***个月之内一次还清么	0
147	我换银行卡了，蚂蚁借呗额度就没有了，什么时候能恢复呀	借呗额度没到银行卡	0
148	借呗周期怎么改	怎么修改借呗还款日期	0
149	***元花呗立减	蚂蚁花呗首付立减	0
150	本月***号在蚂蚁借呗借款，分期还款什么时候还第一期	借呗今天借 什么时候是还款日	0
151	花呗咋不支持用	花呗支持那些加油站点	0
152	我有不良记录吗？为什么借呗关闭了	没有借过借呗，为什么给我关闭	0
153	我不想用不用的用花呗的	就是我这个支付宝不想用花呗，想用另一个支付开通花呗为什么不行	0
154	电脑能开通花呗吗	花呗电脑怎么开通	0
155	为什么我的花呗不能分期还款	为什么我的产品有的上面有花呗分期，有的没有	0
156	在蚂蚁借呗上借款一万能分期还款吗	蚂蚁借呗到期可以分期还吗	0
157	花呗 临时额度可以分期吗	花呗的临时额度分期付款了，临时额度到期了，还可以继续分期付款吗	1
158	花呗分期提前还款收费用吗	花呗我分期付款的，我想提前还款，但是没有	0
159	为什么不可以借呗	蚂蚁花呗为什么不能线下支付	0
160	淘宝怎怎么用不了花呗购物了	淘宝买东西不能用花呗是吗	1
161	花呗分期了以后带道第二个月最低还款还可以分期吗	花呗分期能最低还款嘛	0
162	花呗帮还对以后提额有影响吗	花呗晚还一天，对信誉有影响不	0
163	花呗能换支付宝吗	花呗能满足我此次付款吗	0
164	蚂蚁借呗还款能分期吗	蚂蚁借呗按日借款了之后到期可以分期还款吗	0
165	收钱码能收花呗的吗	怎么我的花呗收款码只能收***	0
166	为什么花呗支付游戏充值两三次之后就不能再用了	为什么最近我有一些游戏充值用不了花呗了	0
167	不过我半年前有逾期花呗还款 好像逾期几天 但是不至于到现在还不给我恢复把 都已经三四个月了	我的花呗逾期了一个月，还了之后不能用了，要怎么样才能用	0
168	花呗只能在淘宝买东西嘛	花呗只能用在绑定的淘宝号吗	0
169	蚂蚁借呗的钱可以分期还嘛，大额的那种	借呗可以提前还分期付款吗	0
170	以前的号码不用了？换了支付宝但是花呗还是之前的号码怎么办	我的花呗在以前的号码开通了。我现在换了新号码。以前的号码没有了。我用不了花呗是怎么回事	0
171	借呗能提前还清吗	借呗没有到时间不能还分期吗	0
172	花呗能邦定银行卡吗	花呗的钱只能绑定银行卡才能用吗	0
173	把借呗钱放余额宝可以吧	是不是余额宝里不存钱就不会有借呗	0
174	蚂蚁花呗可以支持交电费吗	现在交电费能用花呗吗	1
175	花呗能不能推迟几天还款呀	花呗忘记还款	0
176	我在淘宝上买个东西，用花呗买了，但是手机上面显示签收了，但是我没有收到货物，钱划了	我这是订了什么单，货没收到钱花呗显示扣***元	1
177	我用蚂蚁花呗支付了共享单车押金，为什么押金没有显示	为什么用花呗付款时，出示分期付款	0
178	还没还清花呗分期还可以申请花呗分期还款吗	这期花呗没还，买东西能做分期吗	1
179	花呗分期后没还清可以再次分期吗	花呗分期后下月还能分吗	1
180	花呗不可以住酒店	花贝怎么住酒店	0
181	花呗切换手机号	我花呗里面的手机号	0
182	为什么我借呗不能用	借呗为什么没有	0
183	我的花呗逾期了对酒	花呗逾期两个月了	1
184	借呗授权被我不小心删除了	怎么解除借呗授权	0
185	比如我已经分了***期，我早还晚还每个还的数额还是一样的	比如我下个月要还***，我选择账单分期，利息是多少	0
186	我的花呗怎么暂停使用了	我的花呗出了什么问题 怎么用不了	0
187	蚂蚁借呗到了还款日我自己可以还钱	借呗还款日可以***点之前还款吗	0
188	我是商家，开通了花呗，为什么付款人扫码后不能用花呗	为什么开通了花呗，商家也支持，我的确不显示，不能用花呗	0
189	我刚刚开通花呗 他说我有***快 我以为我借了***块钱	开通花呗之后还清钱，可以取消吗	0
190	借呗提现可以放款到其他银行卡吗	借呗提现银行	0
191	借呗怎么才能用	借呗现在怎么才能开通	1
192	这笔退款显示退回花呗了，怎么还要还款	已经退款了，为什么蚂蚁花呗显示还有账单要还	1
193	我绑支付宝的银行卡坏了，在借呗上还有借款没还清，去银行换了新卡，旧卡报废了，怎么办？怎么还款	支付宝上的借呗怎么去查看	0
194	为什么我淘宝付款用不了花呗和余额宝，只能用银行卡	淘宝支付宝支付不了，花呗也支付不了，只能用银行卡支付，这是什么情况	1
195	为什么我的花呗之前是***万的额度 现在变***了	花呗为什么降余额了	1
196	蚂蚁借呗昨晚借的钱怎么到现在都没有到账	借呗还款了怎么没到账	0
197	现在帮我查询一下借呗还款账单	我想查询我的借呗帐单	0
198	借呗还款提示银行系统繁忙	花呗还款银行系统维护	0
199	蚂蚁花呗最低还款会降低信用	花呗还了最低消费会不会造成信用下降	1
200	怎么让人代付花呗	代付可以使用蚂蚁花呗么	0
201	花呗支付后会有短信提醒么	花呗有消费短信提醒么	1
202	花呗临时额度过期，是否马上还款	花呗还款是否包含当天	0
203	银行卡的钱也少了，怎么花呗也让我还钱	我***月***日交了***元，和***元话费花呗让我还了***元。可我网银卡上怎么少了***元钱	0
204	蚂蚁借呗双十一借呗免息	十月一放假，蚂蚁借呗正常使用不	0
205	花呗可以在第二个手机号使用不	花呗不可以换吗	0
206	能不能看下我什么时候可以开通花呗	我什么时候余额宝能用	0
207	花呗为什么不支持电费支付了	花呗付款为什么不不支持	0
208	用多久花呗才能开蚂蚁借呗	使用多久花呗才有临时额度产生	0
209	借呗如何升级为网商贷	如何将网商贷皇城换成借呗	0
210	我开通不了花呗 是不是淘宝冻结有关嘛	显示不符合花呗开通条件	0
211	花呗被冻结了怎么回事	花呗被冻结了，要多久恢复正常使用	0
212	退货了为什么还要还花呗	花呗支付的 现在退货了 点了确认收货 为什么还要还花呗	1
213	我想买个浴缸，花呗额度不够怎么办	我想用花呗买电视，额度差***元怎么办	0
214	我的收款码别人只能花呗付***	我的收钱码为啥不能收花呗额	0
215	为什么我没有蚂蚁花呗 而是网商贷？是同一个意思么	为什么有的人的是蚂蚁借呗有的人是网商贷	0
216	借呗，不够用，如何在提额	我想提高借呗额度如何提高	1
217	新开通的支付宝，怎么没有花呗	我的支付里没有花呗呀	1
218	借呗系统关了 怎么开	借呗开通过，现在取消了，怎么恢复	0
219	蚁借借呗消费记录	蚂蚁借呗的记录你可以帮忙消除吗	0
220	网商贷如何变为借呗	怎么网商贷转为蚂蚁借呗	1
221	我不知道怎么开通了花呗，该怎么取消	蚂蚁花呗，我不知道是什么时候把它开通了，我不想用了怎么能把它关掉吗，不想使用蚂蚁花呗的功能	0
222	电费花呗红包	花呗红包怎抵不了账	0
223	为什么淘宝支付扣的银行卡上的钱，现在花呗还要扣钱	为什么我的花呗显示外币支付	0
224	花。花呗里面的有利息吗	花呗上月款转下月还有利息吗	0
225	花呗分期申请	花呗分期不能用	0
226	花呗积分过期	花呗过期还款	0
227	花呗临时额度任务	怎样临时提示花呗额度	0
228	另外一个蚂蚁花呗，用不了了，怎么办	这个花呗怎么不能用	0
229	蚂蚁借呗里面的钱怎么锁住	蚂蚁借呗怎么在我的列表显示	0
230	花呗可用什么还款	什么是帮还花呗	0
231	解锁双十一花呗额度	花呗不能摇双十一额度	0
232	商家已开通花呗收款，为什么客户支付不了	做为商家怎么样才可以开通蚂蚁花呗二维码支付方式	0
233	但是欠花呗的钱没还上	我已经还了花呗下个月的钱，可还是显示没有还	0
234	借呗的利率跟会员级别有关系吗	花呗和借呗哪个利率低	0
235	我刚才借呗借了钱到现在还没到账	我借呗今天还款，我卡里还没到账怎么办	0
236	借呗借钱可以借***天的么	蚂蚁借呗 可以借***天吗	1
237	要是花呗钱还了，然后有退款应该怎么办	刚用花呗交了费怎么退款	0
238	取消招联金融的借呗	借呗是银行贷款还是消费金融贷款	0
239	咋今天不可以用花呗交电费了	以前一直用花呗交电费	1
240	为什么我的花呗是体验	我的蚂蚁花呗为什么那么少	0
241	花呗逾期后能分期么	花呗逾期后 还能分期吗	1
242	花呗还期怎么找人代付	帮别人代付能使用花呗嘛	0
243	如何才能开通蚂蚁花呗	什么叫开通花呗	0
244	我本来开通了借呗。可以有几万额度的.后来身份证过期了	我身份证过期，更新了怎么借呗还没有额度	0
245	为什么退回的钱被转入花呗里面了	为什么我火车票退款了，花呗账单还是扣款的	0
246	借呗我永远开不了对吧	我的借呗怎么没有了	0
247	暂时冻结花呗，因为没有钱还	到底付了没有，因你花呗为准，还支付宝一种	0
248	查一下我是什么时候用的花呗	什么时候用的花呗明细	1
249	我问的是蚂蚁借呗自动还款，怎么取消	蚂蚁借呗如何取消自动还款设置	1
250	不要申请蚂蚁借呗，我是支付宝转到余额宝	我从余额转入余额宝的钱可以用来还蚂蚁借呗吗	0
251	蚂蚁借呗的钱的用途有要求吗	借呗借款用途受限吗	1
252	在哪里可以找见花呗	花呗提醒我可以提额了，但是找不到在哪提额	0
253	为什么我退款了 花呗金额没改变	为什么我的花呗退款了额度还是没变	1
254	借呗的钱可以多分几十期还款吗	可以还款借呗吗	0
255	系统对借呗评估要多久	系统多久评估一次对蚂蚁借呗的使用权	0
256	为什么我的花呗刷脸说不是本人照片	为什么我信用额度都达到标准。花呗还是显示安全验证不成功。刷脸也说公安照片不清晰。这都是啥	0
257	可否关闭另一个账号的花呗，开通这个账号的花呗	显示另一帐号已开花呗	0
258	花呗这月还还是下月	我这月的花呗六号钱还完了，今天再用是这个月六号还，还是下个月六号还	0
259	借呗为什么不能还***期的	现在借呗不可以分***期还款了	1
260	卖家花呗手续费是多少	卖家花呗收手续费	0
261	我怎么我用不了花呗	不给我处理我发不了花呗	0
262	我就是不想用花呗付钱	我不想用花呗了，怎么退出来	0
263	我的手机号码换了,我的蚂蚁花贝蚂蚁借呗怎么转过来	蚂蚁借呗借的钱，转到挂失卡里了怎么办	0
264	网商贷和借呗是一样的那	借呗与网商贷一样	1
265	蚂蚁借呗是否要停用了	蚂蚁借呗就给关了	0
266	支付宝账号和花呗账号不一致怎么办	登录的就是一样的支付宝账号 ，为什么还让我登录一样的支付宝账号使用花呗	0
267	zara可以用花呗吗	点外卖是否也可以用花呗	0
268	花呗关闭了	a账户花呗关闭了的	1
269	我花呗还款怎么莫名要我多还***多块钱	我花呗还***块***，怎么还	0
270	如何开通蚂蚁花呗商家收款	口碑商家如何开通花呗收款	0
271	这个花呗只能在淘宝上买东西付款吗	我的花呗干嘛只能交费不能买东西吗	0
272	我的花呗额度为什么给我降低了	花呗额度为什么会增高	0
273	花呗分欺时间能不能改	花呗怎么修改分期	0
274	花呗***额度能最高一次能分期多少钱	花呗分期最好可以分期多少	0
275	蚂蚁花呗关闭了为什么不能在另外的帐号开通	我是商家 为什么开通不了花呗	0
276	我手机号码变更了一下现在换成邮箱登录了对借呗有影响吗	我现在是qq邮箱登陆的 我想换成手机号码登陆 然后又要保持我现在的花呗这些 可以吗	0
277	蚂蚁借呗中午***点之后没还上有什么影响	蚂蚁借呗还了钱怎么还显示没有还	0
278	蚂蚁借呗和网商贷冲突么	网商银行和借呗的区别	0
279	蚂蚁花呗账单分期当月用还款吗	我的蚂蚁花呗的分期这个月还了，未	0
280	我花呗绑卡绑不上怎么回事	怎么绑定不了花呗	0
281	我朋友手机丢了，暂时补办不了手机号，支付宝密码忘记了，这样的情况下，花呗里的钱怎么还	花呗还款时间到了，手机里没有钱，会怎么样	0
282	刚刚借呗额度因为什么增加的	影响蚂蚁借呗额度降低的原因	0
283	花呗只能在指定的消费软件上使用吗	花呗的钱只能购物吗	0
284	说蚂蚁借呗操作存在风险	开通借呗提前存在风险	1
285	怎么才能关闭借呗	帮我关闭借呗入口	1
286	蚂蚁借呗显示可借***元，不用也会要利息吗	蚂蚁借呗开通后不用用不用利息	1
287	可以帮我查查为什么我来不了花呗吗	为什么我一直不能开同花呗	0
288	火车票退款后花呗怎么还扣款	我这个车票已退票，退款是***元，为什么花呗还收	0
289	借呗怎么只能分成六个月还款	借呗设置额度，下个月还能设置吗	0
290	信用卡蚂花呗收钱码	信用卡花呗收款码是什么	0
291	如果我现在关闭花呗还收钱吗	可以关闭花呗和信用卡收款吗	0
292	花呗提前接清	怎么操作花呗提前结清	1
293	花呗支付开通不了	借呗开通不了	0
294	有开通蚂蚁花呗的商品为什么付款时提示该商品不支持花呗	花呗不能支付，花呗额度足够，商品显示支持花呗付款	1
295	注意主动申请蚂蚁借呗	蚂蚁借呗怎么主动	0
296	为什么有两笔花呗我连还了两次款	我的花呗上面有借呗的单 我还上了为什么借呗上面还有	0
297	花呗在***月***号当天换算是逾期吗	花呗十号当天还算逾期吗	1
298	开通花呗商户收款	城乡自营客车怎么开通花呗收款	0
299	借呗可以分还款么	花呗可以分几次分	0
300	花呗信用分	花呗分不会长	0
301	不想看见蚂蚁借呗	蚂蚁借呗取消么	0
302	收花呗的额度	在花呗上有额度	0
303	借呗怎么没到期就自动还款	为什么借呗昨天已经是还款日，还未自动扣款	0
304	借呗最迟还款日	借呗还款日最近当天几点还款	0
305	为什么我的花呗一下子降低了那么多	花呗降低了	1
306	我花呗还有***额度 为什么分期不了***商品	淘宝商户的花呗分期，为什么我不能使用	0
307	借蚂蚁借呗钱的人意外死亡，这笔钱谁来还	蚂蚁借呗提前还款，为什么说没有适合的还款路径？我绑定的银行卡里有钱的	0
308	花呗的改不了	花呗从新绑定淘宝怎么改不了	0
309	如何修改花呗的邮箱号码	邮箱登录花呗更改为手机号登录	0
310	问花呗临时额度是否可以分期	用了花呗临时额度，可以分期不	1
311	扫码支付用花呗要密码吗	通过花呗支付需要密码么	1
312	花呗分期能分期多少次	花呗多少以上可以分期	0
313	借呗一千利息多少	借款利息跟蚂蚁借呗一样吗	0
314	身份证已经绑定了一个花呗，但是手机号码不是现在用的，得怎么办	花呗绑定其他手机号码了，怎么办	0
315	花呗现在的还款链接在哪？我怎么找不到	我要花呗的还款链接	1
316	蚂蚁借呗申请表 没有填公积金 没有车 没法提交申请	没有公积金不影响借呗提额吧	0
317	花呗手机租赁发票	花呗租手机是要冻结花呗吗	0
318	支付宝扣了钱的	支付宝我的账单在哪呀	0
319	淘宝账号限制登录，会影响支付宝花呗和借呗吗	两个支付宝账户会影响申请借呗吗	0
320	花呗开了借呗没开	为什么借呗没有额度	0
321	整么借呗会自动取消	怎么不使用借呗自动还款	0
322	有一个花呗的	是这个帐号开通花呗的吗	0
323	花呗被关闭了怎么办	花呗被冻结，要怎么解冻	0
324	蚂蚁借呗可以逾期好久	借呗可以逾期到下个月一起还吗	0
325	绑定的手机短信被锁了 借呗还款需要验证码收不到短信	我想使用蚂蚁借呗 但是我的手机收不到验证码	0
326	为什么我把花呗钱还了怎么还有负面	花呗我已还清，怎么还显示下月要还的钱	0
327	我的借呗不是还款了吗，怎么又有信息说我还欠	蚂蚁借呗还款日现在怎么不提醒了	0
328	花呗抽奖页面在哪里	我花呗抽奖的优惠在哪里	1
329	花呗分期会不会降低信用度	花呗分期会影响正常使用吗	0
330	已授权为何用不了借呗	花呗可以用借呗为什么不能用	0
331	用蚂蚁借呗借了钱怎么还	额度超支，怎么还借呗	0
332	我这个已经有一单，已经退款了，为什么还算在我的花呗账单里面	已经退款了，为什么我花呗里还要还钱	1
333	为什么没有资质开通花呗	没有开通花呗，怎么多了消费	0
334	花呗还款可以换成手动吗	花呗的还款日可以换吗	0
335	用花呗分期购买的商品退货后，已经还了的	如果使用花呗，然后退货了	0
336	借呗最多能解多少	借呗总额最高多少	0
337	花呗用于花罗押金可以吗	花呗可以用于	0
338	花呗双倍返现	花呗之前***元返现	0
339	借呗和花呗影响房贷吗	借蚂蚁花呗以后会影响房贷吗	0
340	花呗付款有次数限制吗	花呗分期?限制次数吗	0
341	为什么我银行卡绑定了还是用不了花呗	我银行卡帮定花呗，帮不上什么问题	0
342	我的花呗消费了到时打不开花呗软件	花呗怎么就打不开了什么原因	1
343	花呗哪里为什么弄不了银行卡	为什么我绑定银行卡了怎么没有花呗的	0
344	花呗每天有限额	我的花呗限额	0
345	为什么我不能借呗了	蚂蚁借呗不能用	1
346	我的蚂蚁借呗前面申请提额成功了，怎么还是***	我的借呗提额了吗	0
347	花呗还能开房吗	花呗能还来分欺吗	0
348	可以用集分宝还花呗吗	花呗就是集分宝吗	0
349	花呗账单被永久删除要怎么恢复	怎么查询蚂蚁花呗账单	0
350	为什么直接退到花呗了	为什么帮别人还花呗会被退款	0
351	今天还借呗钱，还之前还能借***元，还了***元多点，为什么还完能借的钱是***元，不应该是***元加上***	借呗额度是***元，现在全部借完了，未还本金是***元，不在了***元	0
352	花呗便利店周卡	花呗便利店周卡，是啥意思	1
353	我这怎么没看到有花呗借款	我没有找到蚂蚁借呗有蚂蚁花呗	0
354	怎么没帮我开通花呗	我想开开通花贝	1
355	花呗信息完善，购房合同能行么	为啥花呗信息不完善	0
356	蚂蚁借呗的还款日期是什么时候	蚂蚁借呗还款日中午***点之后	0
357	花呗临时额度领取***	临时花呗在哪里领	0
358	花呗钱到期了是自动扣除吗	花呗是每月扣款吗	0
359	我得蚂蚁花呗怎么调的降额了	花呗怎么调高	0
360	为什么花呗不支持交哈罗单车押金	这个是我共享单车抵的押金，为什么没有退还蚂蚁花呗	0
361	花呗买商品如何查询快递信息	在花呗里买的东西怎么查快递	1
362	开通了口碑商家怎么不能花呗收款	为什么我的花呗不能口碑付款	1
363	蚂蚁借呗在哪看什么时候还款	蚂蚁借呗借三个月什么时候还	1
364	用户在口碑上用花呗支付，到账后收取商家多少手续费	线下商户开通花呗支付，需要多少手续费	0
365	收款码 能不能收花呗	是花呗收钱码	0
366	我的花呗已还清，为啥芝麻分又降了	花呗按时还款为何芝麻分降低了	0
367	花呗商家是卖东西的	花呗商户条形码是干什么的	0
368	啥时候能用花呗充电费	水电费能不能花呗	0
369	为什么我有花呗但是不能分期	我的蚂蚁花呗为什么不能分期呀	1
370	以前的花呗号码现在不用了，怎么转到现在的账号	使用花呗时手机号不是现在用的手机号怎么办	0
371	我登陆不了花呗，提示支付宝登录	我问的是花呗我，我那支付宝登陆了，但是用不了	0
372	花呗分期还不完	花呗为负，分期以后暂时还不了，怎么办	0
373	不消费可以开通花呗吗	我得花呗还可以开通吗	0
374	我的借呗为什么借不了了	借呗上的借款数颜色是灰色的，为什么	0
375	如何看花呗帐单	花呗全部账单怎么查看	1
376	为什么我的花呗选不了脸	花呗怎么加不了油	0
377	我的蚂蚁借呗为啥不能用	借呗为什么不能用	1
378	花呗分期对以后长额度有影响吗	花呗额度为负有什么影响	0
379	花呗是否需要绑定银行卡	花呗可不可以绑定银行卡	1
380	花呗没抵扣	为什么这个花呗红包付款时没有抵扣	0
381	我的借呗是开通不了呗	我想申请借呗	0
382	我的手机丢了怎么关掉花呗	我之前的手机号丢了，现在换了手机怎么花呗用不了	0
383	花呗还清最低还款影响信用度么	花呗还最低会影响信用吗	1
384	借呗逾期一天影响信用么	借呗拖延一天还会不会影响信用	1
385	开通了花呗收钱 收钱码 不可以收款	我的花呗收款认证通过了为啥还收不成款	1
386	申请了收钱码还能用借呗吗	能不能提前申请借呗	0
387	网页版 借呗在哪里	网页版借呗在哪里	1
388	多少分蚂蚁借呗会有额度	蚂蚁借呗最高可以借到多少	0
389	我现在用的支付宝没有花呗，原来的有，能不能改过来改到现在的支付宝	我，我的支付宝上首页上没有花呗，怎么回事呀	0
390	如何提升蚂蚁借呗额度	增加借呗额度	1
391	花呗不支持电费，为什么有扣款记录	为什么不支持花呗充值电费	0
392	怎么花呗剩下的个已用的加起不对	不用的花呗手机号怎么解绑	0
393	借呗还款日期是什么时候	借呗还款日是每个月的几号	1
394	借呗***万免费额度提现	借呗的免费提现额度是什么意思	0
395	我的花呗显示别的号码	花呗显示未入账	0
396	如何开通花呗支付的商家吗	商家已开通花呗，客户扫码不到	0
397	花呗提示你可登录支付宝帐号********使用花呗。怎么用	可是还是显示：您可登陆支付宝账号**********使用花呗	1
398	但是我腿之前，已经银行卡还了花呗了，我现在没有收到这个退款	退款是花呗，我不知道	0
399	花呗额度可赠送么	领取花呗额度	0
400	不是蚂蚁借呗，是来分期不让借了	逾期处理了，怎么还吧借呗和来分期都给停了	0
401	开通花呗为什么说我安全不过关	我开通花呗，不用会扣钱吗	0
402	花呗无法线下	花呗线下使用有额度吗	0
403	蚂蚁花呗支付，可以申请退款吗	花呗收款可以开通吗	0
404	非商家，怎么借呗变成网商贷了	蚂蚁借呗跟网商贷	0
405	今日用花呗，什么时候还	如果今天***号使用花呗里边的钱，还款日期是什么时候	1
406	为什么我的花呗访问不了通讯录	花呗题额老是说要访问通讯录是怎么回事	0
407	借呗怎么提前评估	为什么我不能使用借呗	0
408	借呗为期三个月了	借呗分期为啥只显示六个月和十二个月	0
409	花呗***每月利息多少	花呗需要利息吗	0
410	滴滴打车花呗付钱的，可以打小票吗	花呗能打车吗	0
411	用花呗分期买了商品退款	打车用花呗付了怎么退	0
412	我的花呗出账日	花呗出账具体时间	1
413	我不想用花呗，怎么样关掉	怎么关不了花呗	0
414	有两个支付宝，但是只有一个能用花呗是吧	我花呗有两千五，为啥我只能用一千	0
415	我的花呗还有多少钱没还清	花呗是不是用了多少，就还多少的	0
416	用的花呗付款怎么退款	花呗付款后没有收到货怎样退款	1
417	如果花呗消费没有超过额度还多少	花呗有没限一天用多少额度	0
418	信用卡与花呗	信用卡花呗	0
419	借呗还款日期几号	蚂蚁借呗还款延期一天发款多了	0
420	逾期花呗就用不了不吗	花呗逾期能补救吗	0
421	提示可申请借呗，为什么又开通不成功	为什么现在借呗要申请	0
422	如果开通花呗以后可以关闭吗	没，就想问问，我花呗关了那么久了，还能开通吗	0
423	退回花呗的钱和实际金额不符	为什么花呗用的金额和实际金额不符	0
424	花呗账单我已经还清了，退款到花呗的钱怎么办	花呗退款怎么花	0
425	为什么我花呗扣了钱，但是我淘宝显示未付款？店家也说显示没付款	怎么付款了显示没有付款，花呗的钱也扣了	1
426	我想查看我***月***号借呗还款的具体账单	蚂蚁借呗怎么看还款账单	0
427	怎么关掉收钱码的花呗收钱	怎么关闭二维码花呗收款功能	1
428	我花呗是不是自动扣款的	我不管你们什么花呗自动扣款，只要没到期，你们凭什么扣钱	0
429	借呗已还清为什么负面记录还存在	借呗已还款，负面怎么还在	1
430	申请花呗收钱要绑定银行卡吗	使用蚂蚁借呗需要绑定银行卡么	0
431	花呗刷脸怎么老说认不出本人来	我花呗核实扫脸怎么不通过	1
432	如我不想使用花呗，怎么办	如果我不想用花呗了能不能退掉	1
433	我今天用了花呗，是不是明天一定要还的	这个单子用的不是花呗	0
434	系统什么时候评估借呗开通条件	有哪些条件开通借呗	0
435	可以用花呗冲流量吗	花呗可以绑定etc吗	0
436	如何能使花呗额度提高	花呗额度每个月都会提额吗	0
437	花呗服务费这么贵	花呗收款服务费 什么意思	0
438	花呗分期用不了	线下签约花呗分期	0
439	我的花呗是否还清	我九月份的花呗还完了	0
440	正常为什么不能用？？一切支持花呗付款的东西，超市，饿了么订餐，淘票票买电影票什么的都不可以。淘宝也不行	为什么不能使用花呗付款	1
441	帮我查一下我账户的花呗是否清帐	你查下我花呗账单	0
442	花呗按最低还款会不会算逾期	花呗每月还了最低还款会对信用产生影响吗	0
443	花呗查询账单显示暂无账单什么原因	怎么查询我的借呗的账单日	0
444	我的花呗怎么长不了	为什么我的花呗什么都干不了	0
445	怎样付款不能用花呗，只能从银行卡里扣款	怎么花呗不能付款	0
446	换了手机号为什么借呗不能用	之前的手机注册的花呗，换了号码怎么办	0
447	口碑商家不能使用花呗付款	客户花呗不能使用	0
448	我没用花呗为什么会叫我还款	我没有用过花呗，为什么还要提示我还款	0
449	我想在淘宝上用花呗	天猫和淘宝花呗怎么不同用	0
450	支付宝上的蚂蚁借呗钱为什么 转不出去	为什么我卡里转钱还借呗却说信号不好 失败	0
451	是不是我这花呗限额	怎么提升花呗额度	0
452	领取了提额但是借呗额度没有增加	怎么点了额度没有变化	0
453	花呗人脸识别不了我	蚂蚁花呗要人脸识别，每次都通不过	0
454	我借呗的额度没有了	借呗还完了，怎么没有了	0
455	我已经关闭另一个号的花呗了怎么在这个号开通	蚂蚁花呗关闭了。怎么开通另一个	1
456	我的花呗提额怎么还给我冻结了	我的花呗冻结了，什么时候可以正常使用	0
457	花呗可以更换分期还款期数吗	花呗还款怎样更换银行卡	0
458	我的花呗好为什么降成***	为什么我的花呗额度降低了***	1
459	花呗付款后分期	花呗分期全部还款后能提额吗	0
460	网商贷怎么改借呗	网贷换借呗	1
461	我的花呗逾期了，还能分期吗	花呗办了分期不能提前还款么	0
462	用了花呗红包	刚注册花呗***元红包	0
463	为什么共享单车不能用花呗支付押金了	为什么现在蚂蚁花呗不支持交摩拜单车押金	1
464	我看我的蚂蚁借呗可以转两万元到我卡上是真的吗	借呗欠的钱可以转卡吗	0
465	怎么提高借呗数目	借呗不够用怎么提额	1
466	我想买个手机，商家支持花呗，但我不可以用	我还完以后如何设置不再用花呗了	0
467	显示花呗存在风险	花呗显示帐号存在风险	1
468	我要堤高借呗	我说的不是花呗，我是要借呗	0
469	借呗怎么就不能用了	支付宝跟换手机号码，借呗就不能用了	0
470	花呗出个系统忙是什么意思	花呗，最低还款是什么意思	0
471	蚂蚁借呗综合评估多长时间	借呗系统综合评估多久一次	1
472	一次消费花呗有金额限制吗	花呗付款次数有限制吗	0
473	微贷产品已还款，怎么还不能使用花呗	花呗还清还不能用	0
474	帮我看看我的花呗还能不能再次开通	我想咨询下开通花呗的条件	0
475	为什么我花呗逾期后还清了，还显示我蚂蚁花呗有逾期行为，没有还款	花呗逾期了，为什么想还款没有花呗这一项了	0
476	借呗利率为什么不同	为什么我的蚂蚁借呗利率是万六这么高	0
477	花呗还款不到	我花呗还了用不了怎么回事	0
478	美团不能用花呗是怎么回事	我的花呗为什么在超市不能用了	0
479	花呗可以座滴滴打车吗	花呗可以点饿了吗	0
480	花呗还款有临时额度	花呗临时额度到期后必须马上还到原有额度吗	0
481	为什么找不到花呗入口	找花呗入口	1
482	还有，我花呗分期买的东西退款到花呗，怎么还款	可是我花呗已经提前还了一期了	0
483	什么还花呗	想咨询什么是花呗付款	0
484	我的不是花呗付款	我在花呗里分期付款的 为什么下个月付款	0
485	我的借呗怎么自动分期了	今天我自动银行卡借呗自动还款了	0
486	为什么不能用花呗	花呗借的款我已经还了为什么额度依旧用不了	0
487	开通了蚂蚁借呗 未通过怎么回事	借呗没通过审核怎么办	1
488	花呗分期后还能账单分期吗	花呗可以三次分期吗	0
489	蚂蚁借呗借三天怎么操作	借呗只借一个月，怎么操作	1
490	为什么我明明用花呗付款了但是还是显示我没有付款	为什么提示登录支付宝使用花呗	0
491	虚拟商品可以用花呗	花呗能购买虚拟商品	1
492	为什么绑定银行卡之后不能使用花呗	为什么花呗绑定上卡，还显示绑定卡	0
493	我借呗没通过什么时候可以在申请	我申请的借呗提升额度通过了没有，怎么查询	0
494	开通了花呗不使用要扣钱吗	这个月开通花呗，这个月不消费还需要还款吗	1
495	帮我花呗直接关了也可以	我需要关闭花呗	1
496	为什么我花呗不可以分期账单	花呗账单为什么无法分期，只能最低还款	0
497	花呗还款显示未还	花呗还款怎么没到账	0
498	花呗能一次还一半吗	花呗提前还一半可以不	1
499	我花呗里面是不是有***的额度	花呗上有***钱是谁的	0
500	电脑的支付宝花呗在那	花呗换支付宝	0
501	哪些支付不能用花呗	我哪里用了花呗钱	0
502	刚才给我发借呗提额信息	借呗信用提额	0
503	花呗电话更换	还蚂蚁花呗电话	0
504	借呗可以帮我提额吗	借呗今天到期可以明天还吗	0
505	淘宝付款方式里面找不到花呗	我的支付宝里怎么找不到蚂蚁花呗	0
506	花呗提前划款	分期花呗提前还	0
507	蚂蚁借呗怎么自己关闭了	关闭借呗图标	0
508	收钱码能用于花呗收款吗	信用卡花呗收款的条件	0
509	退款花呗怎么没少钱	我的花呗里钱很少什么原因	0
510	我的花呗已经还完了吧	我的花呗上个月已经全部还清	0
511	我用花呗充话费充错了，还能退嘛	花呗充了话费成功了，可以在退回花呗里面吗	0
512	我的花呗额度冻结了，还能不能用了	为什么我的花呗一直用不了	0
513	花呗临时用几天还	今天用花呗哪天还	1
514	我拿花呗分期现在想提钱还款，怎么一起结算的	花呗现在提前改款不了是怎么回事	0
515	我巳经还了，但是在花呗上的帐单怎么没取消	我在华为商城用花呗购买的订单取消了，花呗这次还是需要还款是怎么回事	0
516	帮我重新审核花呗	能重新审核我的花呗吗	0
517	我就奇了怪了，借呗花呗我都提前几天还的，你们怎么不让我用	你看下我的花呗还清了吗	0
518	花呗是日息	花呗分期付款利息是多少	0
519	借呗结清了，负面记录还在	借呗在芝麻信用上的负面记录如何处理	0
520	我问花呗为什么没了	我想提高我的花呗额度	0
521	花呗临时额度可以在天猫分期吗	花呗临时额度也可以做分期吗	0
522	***月***号花呗自动还款会何要扣手续费	花呗还款自动扣会收手续费吗	0
523	修改花呗手机号码	花呗绑定手机号码更换	1
524	我的蚂蚁花呗迟还了两天会不会影响信用度	花呗负额度会影响信誉嘛	0
525	借呗没有还款会怎样	蚂蚁借呗到期没还怎么处理	1
526	我的花吧开通不了	我的花呗开通不了	1
527	退款回到花呗了，为什么还需要还款，我的钱去哪了	我花呗购物退款的钱退到那去了	0
528	花呗免手续费用积分在哪里换	花呗分期卷在哪看	0
529	支付宝花呗怎么退款	退款到花呗多出的钱该怎么办	0
530	花呗分期还款后如何一次性还款	花呗分期后怎样一次性还款	1
531	商家货都没有发，那我这个是不是要等确认收货后开始计算还款	商家都已经告诉我收到款了，为什么你们非要说我没付款	0
532	为什么借呗这么多要求	借呗为什么一直在处理中	0
533	花呗不款日期最迟***号几点	花呗还款页面为***号，***号还款算不算逾期	0
534	我什么时候用花呗了	能发一下我是什么时候用过花呗的钱吗	0
535	我这个收款码，咋收不了，花呗，和信用卡的	这个，我用的花呗，收款怎么现在还不能收款	0
536	花呗到实体店消费有没有余额限制	虚拟商品用花呗有没有额度限制	0
537	为啥不能使用花呗	这么我的花呗用不了	1
538	借呗怎么关余额自动还款	蚂蚁借呗是如何取消自动还款	0
539	怎么我的蚂蚁借呗开通不了呀	有什么开通不了借呗	1
540	显示，已经把这个钱退回来了，退回到花呗里面了，为什么我在乎这个月还款的时候，还要还一次它	为什么我的钱款退回花呗了还要我还款	0
541	借呗的还款日期什么时候	借呗***号开借，还款日为什么是***号	0
542	花呗分期还的利息	花呗分期免利息是怎么免的	0
543	分期购物花呗额度不够怎么办	我预定好几万的家电，可是花呗额度不够，怎么解	1
544	如何修改花呗的还款日	花呗可以改成***号为还款日吗	0
545	身份证过期能申请蚂蚁借呗吗	身份证过期会不会影响到蚂蚁借呗	0
546	花呗可以使用的状况	一月***号使用的花呗是***	0
547	花呗分期账单后下个月还可以分期账单吗	花呗分期付款后每月还可以账单分期嘛	1
548	蚂蚁借呗暂未通过怎么办	蚂蚁借呗为什么不成功	0
549	怎么才能申请借呗	自动申请借呗在什么风险	0
550	借呗当月还	借呗当天还可以吗	0
551	支付宝和花呗可以一块使用那	我花呗都可以使用	0
552	蚂蚁借呗借钱好久时间能到账	蚂蚁借呗放款多久才到账号	1
553	怎么可以改蚂蚁花呗的额度	为什么我的花呗不能调整额度	0
554	不是商家可以开通花呗收钱吗吗	开通了商家花呗收款怎么不能付款	0
555	是自动归还蚂蚁借呗了吗	自动还款怎么不还借呗	0
556	我的花呗可以开通吗	交电费可以开通蚂蚁花呗吗	0
557	我的借呗还完款了吗	我借呗分了六期想一次还完该怎么还	0
558	可以帮我开通花呗嘛	花呗 绑定银行卡可以开通吗	0
559	淘宝花呗退款怎么到支付宝花呗去	花呗充值到支付宝账号	0
560	我的账号和花呗不一支	我的借呗账单每次都不一样	0
561	花呗不显示内容	怎么还显示还不花呗	0
562	第一次使用花呗，可以免多少期的息	花呗***的日利息***，一个月是多少	0
563	我的花呗可以用的余额是***	花呗还款时可以用花呗里的余额还款吗	0
564	花呗冻结了还能在开吗	花呗冻结了吗？我是	0
565	花呗一次最高消费能用多少	花呗单笔支付额对最高多少	1
566	花呗欠款以还清为什么还是不能使用借呗	花呗已经还清为什么不能用借呗	1
567	我的花呗跟芝麻信用啥时候可以用	还清了债务什么时候可以使用花呗	0
568	我这个退货退款了！为什么还显示要我还花呗	用花呗买的东西退款了退到花呗了，这个钱还需要还吗	0
569	我花呗退回来的钱为什么我没有收到信息	我用了花呗为什么就没了借呗	0
570	花呗怎么修改要还的金额	花呗还款方式怎么换	0
571	借呗钱还了的信息不可以删除嘛	已还清的借呗记录怎么删除	1
572	为什么不能使用花呗，商家支持的	一个商家消费***就不能用花呗了	0
573	花呗如何买车票	高铁管家买火车票可以用花呗吗	0
574	淘宝积分多少才支持花呗分期付款	怎么花呗老是付款不支持	0
575	别人可以提取我的蚂蚁借呗吗	蚂蚁借呗能提多少	0
576	商家不能收款花呗吗	花呗线下收款要求	0
577	为啥不可以用花呗充值	我的花呗里的钱为啥不能用	0
578	蚂蚁借呗有没有保证金	蚂蚁花呗的保证金	0
579	我的花呗额度还可以调高吗	我邮政的卡能主动还款吗	0
580	怎么提高花呗支付额度	花呗最大付款额度是多少	0
581	我刚用了花呗 要求退款	花呗支付要退款	1
582	花呗分期额度要和商品价格符合才可以吗	花呗分期额度和花呗额度一样吗	0
583	用花呗还需要往里拿利息吗	使用花呗付款，次月还款时有利息吗	0
584	区别查看我的花呗临时额度	花呗临时额度的还款期	0
585	借呗最长多少	借呗还款多少期	0
586	怎么绑定银行卡之后，还不可用花呗	我的花呗绑定了银行卡 提示绑定成功，为什么返回了还要继续绑定	0
587	怎样在次开通花呗	如何开通 花呗收款	0
588	把花呗退掉咋退	这么退掉，花呗的钱	0
589	不要借呗自动还款	蚂蚁借呗怎么不会自动还款	0
590	我想要***的花呗临时额度	这花呗额度临时怎么回事	0
591	扣了花呗的钱怎么又扣我余额里的钱	我的花呗扣了吗	0
592	蚂蚁借呗分期一月未还会咋样	借呗分期未还清还能再分期吗	0
593	我可以从新开通花呗吗	可不可以帮我再开一个花呗	0
594	花呗提前还款，不是全部结清	我想提前结清花呗款项	0
595	不小心用了花呗付款	我不想用花呗，我现在很生气	0
596	为什么我的就不可以借呗	为么我开通不了蚂蚁借呗	1
597	现在蚂蚁借呗怎么只能借***个月，不可以***个月了吗	蚂蚁借呗为什么不能借***期分期了	0
598	退回来的钱能返花呗里的钱吗	钱退回来是不是在花呗上了还是	0
599	蚂蚁借呗借款记录不对	怎么删借呗的记录	0
600	为什么我的借呗不可以先息后本	蚂蚁借呗借的钱可不可以不按期还	0
601	花呗分期购与全额花呗付款后来分期有什么区别	来分期有额度借呗怎么么有	0
602	在哪还花呗款	花呗现在要还钱了，咋办	0
603	花呗逾期改还款时间	花呗逾期还钱会怎样	0
604	花呗被冻结账号怎么办	花呗额度冻结是怎么回事	0
605	要像我这样子还要多久才能申请人到蚂蚁借呗的	蚂蚁借呗借的钱多久到	0
606	卖家这么开通花呗	已开通商家花呗，却不能收款	0
607	花呗的钱画到哪了	花呗消费的钱，如果退掉，钱是退到花呗还是支付宝了	0
608	假如这月我有退款那我花呗应还款金额是不是要把退款金额给去掉	我花呗还款这个月金额怎么不对	0
609	我支付宝已经付了款了，怎么花呗上面还欠***元	我已取消自动付款，花呗怎么自动扣了	0
610	花呗在天猫退款	花呗如向何退款	0
611	还蚂蚁借呗占用***万额度吗	蚂蚁借呗额度变更	0
612	为什么提前还款，蚂蚁借呗不能用了	怎么提前还借呗分期的款	0
613	如何查询借呗什么时候到账	蚂蚁借呗一直显示放款中，什么时候能到账	1
614	花呗充值话费能不能退回来	我用花呗冲的话费能不能退回来	1
615	临时关闭借呗	什么时间关闭的借呗	0
616	蚂蚁借呗不能超过几次	蚂蚁借呗有规定次数吗	1
617	商家支持花呗支付但是支付不了	花呗认证不了，是人脸认证	0
618	花呗收款码收的钱在哪	我二维码还不可以收花呗钱	0
619	我要取消网商贷	网商贷也是阿里巴巴的吗	0
620	蚂蚁花呗，下个月自动扣款，全额扣款，我从我的银行卡里边扣了，怎么怎么设置	为什么我付款用银行卡付的款，可花呗也扣了，我卡里的钱也扣了	0
621	花呗上的钱没动下个月用还嘛	这个月消费的花呗是这个月还钱还是下个月还钱	0
622	花呗交费费，啥时候到账	刷花呗到账时间多久	0
623	蚂蚁借呗怎么需要生份证照片了	蚂蚁借呗没有了 换成了什么	0
624	花呗还款后还逾期	没有还清款后关闭花呗会怎么样	0
625	点我知道了就退出花呗	我想退出花呗，应该怎么退	0
626	我想买手机用花呗分期付款我的额度不够怎么办	额度***分三期购***手机怎么提示花呗额度不够	0
627	花呗活动报名	花呗淘金币活动	0
628	花呗可以在实体店使用	京东可以用不可以用花呗	0
629	哪里可领借呗优惠券	借呗免息哪里获得	0
630	开通信用卡收钱和花呗收钱是弹出您的账户暂不符合开通条件	什么样的账户才能开通信用卡和花呗支付的功能	0
631	借呗还款余额限款	借呗余额还款有限制	1
632	花呗是从何处扣款	花呗还款从账户扣款	0
633	花呗有钱为什么还要用我的卡上的钱	花呗自己扣钱 我的钱有用 能不能还给我	0
634	我还了借呗，怎么还没有额度了	借呗还款了怎么还是用不成	0
635	店铺花呗收钱码怎么打开	帮别人的商家收钱码开通花呗	0
636	花呗分期付款，为什么和实际付款的钱数不一样	我的花呗总数和我算得不一样	0
637	蚂蚁积分影响花呗	花呗账单分期对额度有没有影响	0
638	用花呗买的衣服，没确认收货，先返还款了，为什么等到确认收货之后，还得换一次款	为什么花呗确认收货时会再让输一次密码，是不是要再扣一次费，可当时都付过款了	0
639	我想用花呗买机票	可以用花呗付钱吗	0
640	如何进行 花呗 还款分期	如何花呗分期	1
641	借呗使用的条件是什么	我的借呗不能开通的原因是什么	0
642	为撒借呗没有余额了	花呗怎么没有余额了	0
643	支付宝如何花呗还款	花呗邦我付款了后怎么还	1
644	花呗和银行卡重复扣款	美团重复付款，花呗扣了怎么办	0
645	蚂蚁花呗能不能改还款时间 开工资迟	蚂蚁花呗还款日能不能改	1
646	花呗负会不会有影响	花呗用超了有什么影响吗	1
647	我的花呗还款怎么收手续费	我刚刚花呗用了***什么时候还款	0
648	怎么不可以用花呗	钱怎么没花呗里	0
649	怎么样才能用蚂蚁借呗	怎么才能用上借呗	1
650	蚂蚁借呗额度能不能提升	提升借呗额度，查看进度提醒文件不存在	0
651	银行卡锁了，明天再还花呗行吗	在哪修改花呗用银行卡还款	0
652	花呗哪里订酒店	花呗能否预定酒店	0
653	然后花呗也不能用了	我花呗还有余款没有还清，还清以后能用吗	0
654	花呗分期后提前还款优先还的是分期是吗	怎样提前结清花呗分期账单	0
655	***不可以用花呗吗	我的花呗能用了吗	0
656	花呗还款有逾期吗	明天还花呗，会不会逾期	0
657	怎么开通当面付花呗收款	收款蚂蚁花呗	0
658	昨天我女儿用花呗付款,现在要怎么还	怎么还款，在花呗	1
659	怎么替他人还款借呗	借呗两种还款方式	0
660	你说我能用不用花呗	花呗冻结还能用吗	0
661	我蚂蚁花呗没有逾期为什么说我逾期了	花呗逾期十几块钱没有吧	0
662	怎么花呗还款还不上了	花呗明细和应还对不上	0
663	花呗支持信用还款吗	花呗！都支持哪种还款方式	0
664	以后借呗还能用吗	过年时间借呗也能正常使用吗	0
665	借呗如果逾期一天会有影响吗	我的蚂蚁借呗逾期一天，对我的信用有影响吗	0
666	借呗好久没还	没还完借呗还能审核开通么	0
667	借呗帐单日是什么时候	蚂蚁借呗***号借钱什么时候还	0
668	双十一购物津贴抵扣后要支付的金额可以用花呗分期吗	使用蚂蚁花呗付款的订单 可以同时享受双十一津贴优惠吗	0
669	可以帮我看看我的借呗额度有多少吗	花呗可以借多少笔	0
670	我都已经还款了，怎么退款都退到花呗了，这应该还给我	花呗我已经还一期了。现在牵扯到退货退款。怎么办	0
671	借呗提前还款手续费怎么算	借呗提前还款关闭了	0
672	借呗就是现在的网商贷吗	有了借呗还梦用网商贷吗	0
673	借呗还款多少需要短信验证码	怎么修改花呗短信验证码	0
674	为什么还是不给我花呗	为什么我更新花呗了、怎么不见了	0
675	如何暂停蚂蚁借呗	关机蚂蚁借呗	0
676	蚂蚁花呗最低还款算预期吗	花呗还款我是***号，我在***号还算逾期吗	0
677	花呗，下面显示下个月还***	花呗每个月都能分***期吗	0
678	自己可以还借呗吗	借呗可以***天就还款吗	0
679	双十一 花呗活动 免单金额什么时候到	花呗双十一活动报名时间	0
680	花呗有金额上限吗	花呗一天消费上限	0
681	看看我花呗额度	花呗额度可以超额	0
682	我借呗怎么不能提前还款	我想提前还蚂蚁借呗	0
683	我登录花呗为什么总是显示用支付宝帐户登录	点开说可以登陆支付宝账户使用花呗 我我已经登录了	0
684	为什么花呗订不了酒店了	商店怎么帮订花呗	0
685	借呗最多只能分***期	借呗之前可以分***期还，现在怎么只能分***期了	1
686	蚂蚁借呗安计划还款	蚂蚁借呗公司全称	0
687	蚂蚁借呗是每个月都得还钱吗	借呗借***个月，是***个月以后再还款么	0
688	花呗可以有微信还款吗	花呗可以一点一点还吗	0
689	我在蚂蚁花呗交话费怎么没有到账	我用花呗冲话费为什么没冲到	1
690	花呗还款涨的是什么分	花呗最新到账的***是什么钱	0
691	每期借呗还款日一样吗	借呗选择半年还款可以改一年吗	0
692	借呗和网商贷便宜	借呗和网商货有什么不同	0
693	我经常使用支付宝，为什么还没有借呗额度	逾期已经还清为什么不能使用借呗	0
694	花呗分期了会影响芝麻分吗	花呗被限额度了会不会有什么影响	0
695	蚂蚁花呗临时额度用完了可以分期还款吗	花呗临时额度花了以后可以分期吗	0
696	同一个号码只能用一个花呗吗	一个身份证账号号只能开通一个花呗吗	0
697	系统可以申请强制性降低借呗额度吗	我可以申请***的借呗额度吗	0
698	花呗分期怎么办	使用花呗分期后退货手续费怎么退	0
699	花呗临时额度***，可以分期还嘛	花呗的临时额度用了多久还款？可以分期么	0
700	骑单车押金怎么用不了花呗	花呗为什么不可以骑小黄车了	0
701	借呗免息卷能免多久	有没有***期借呗免息卷	0
702	为什么?_?交电费花呗不支持	为什么有的电费不支持花呗	0
703	怎么看商家支不支持用花呗付款	商家可以花呗付款的，我的花呗余额也有，为什么支付却不支持	0
704	借呗花呗还款可以用余利宝吗	是不是花呗还清才可以使用蚂蚁借呗	0
705	修改花呗绑定的密码，花呗跟支付宝是不同一个密码，号码的	我有两个号码支付宝但是另外一个号码不用了而且忘记密码登不上了为什么我这个号用不了支付宝的花呗	0
706	花呗额度怎么转到现有的账户	我另外一个账号有花呗，怎么转到这个账号开	1
707	付款时找不到花呗分期交易	花呗也可以分期付款吗	0
708	借呗系统多久对账户评估	借呗评估期多长时间	0
709	我只用花呗充值一百元，怎么帐单要还三百多	我要怎么查花呗账单	0
710	怎么可以，蚂蚁花呗抽奖	蚂蚁花呗抽奖在哪里	0
711	花呗分期了怎么 提前还款	怎么提前还花呗分期的钱、】	1
712	我的花呗实际额度	花呗额度始终***	0
713	为什么在淘宝买东西用花呗，东西到了，还要付一笔钱	为什么付款了 是使用花呗付款的	0
714	先封掉我的花呗	我的花呗是不是封了	0
715	蚂蚁借呗还有降额度的吗	借呗额度减少吗	1
716	退款了怎么还在花呗还款里	钱是还了花呗吗	0
717	花呗需要手机验证吗	***的花呗要验证码嘛	0
718	花呗的使用是不是受芝麻信用积分的影响的	换手机号码影响花呗信用积分吗	0
719	尾款能取消花呗分期	我花呗不想分期了咋取消	0
720	蚂蚁借呗总额度自己调整怎么恢复	借呗怎么找不着调低额度	0
721	我的花呗额度是***，为什么***都付不了	我想用花呗支付为什么不可以	1
722	我花呗帐号找不到了怎找	我的花呗怎么找不到	0
723	怎么不使用花呗付款	花呗暂时不能使用是什么意思	0
724	用花呗消费的单子，退的运费险是不是也退到花呗里面了	是用花呗支付的运费险也是会直接退到支付宝里面么	0
725	花呗支付支持农信银行卡不	支持农信银行卡还花呗吗	1
726	口碑收款 花呗最高支持多少	支付宝收款支持花呗吗	0
727	我的花呗已还款很久了，为什么负面记录还还	为什么花呗一直显示有个负面记录，逾期未还款	0
728	花呗分期还款会会影响信用度	双十一停止花呗还款，会影响芝麻信用	0
729	系统几时评估蚂蚁借呗	借呗系统评估在什么时候	0
730	已经用花呗付款，但是没收到货就退款了	我已经把花呗还清了，但我之前用花呗付款买的东西，退款是算到我自己的余额吗	0
731	花呗单笔可以支付多少	花呗单笔消费不能超过多少	0
732	我用花呗买的衣服，我已经寄回去了，但是卖家还没收到还在路上，但是花呗账单已经出账了，这个要怎么办	说是退回到花呗了，但是花呗我有分期，这个月的我还完了	0
733	如何更改花呗上的手机号码	如何更改花呗上的电话号码	1
734	我绑定银行卡丢了，暂时还不了花呗，该怎么处理	我刚才点错了，邀请好友帮还花呗	0
735	花呗额度还有***是什么意思	有了好久花呗了，还有额度	0
736	花呗抽奖奖励	花呗在哪里抽奖	0
737	满足什么条件才可以申请借呗	蚂蚁借呗满足条件	1
738	花呗分期三笔可以提前结清一笔吗	两笔花呗可以分开提前结清吗	0
739	用了花呗额度，找不到如何还款	是不是卡里的钱不够自动转到花呗扣款的	0
740	我第一次用花呗,怎么还款	花呗退还了，怎么还要还	0
741	借呗还款后额度未恢复	为什么我按时还款，但是借呗额度没有恢复	1
742	花呗额度已冻结***元是什么意思	花呗额度为什么还在显示冻结中	0
743	借呗还在放款，不需要放款了怎么取消订单	借呗我现在想取消订单	1
744	信用卡和花呗收款开通暂不符合开通条件什么意思	开通花呗，信用卡二维码不符合条件怎么回事	0
745	我主动开蚂蚁借呗	能帮我开一下借呗	1
746	花呗推迟几天还款的吗	一号用花呗几号还款	0
747	花呗借***元下个月还要还多少钱	花呗借款***.息为万分之***，借款十二个月还款方式每月均等.每月要还多少钱	0
748	花呗还款延迟几天	花呗可以延期一天还？吗	0
749	还款花呗上的金额手机号不对怎么更换	花呗的手机号码怎么更换	0
750	花呗还款可不可以用微信或者话费还	花呗还款可以找别人代还吗	0
751	已开通信用卡、花呗收款客服怎么向我付款	我开通了信用卡和花呗收款，但怎么用不了	0
752	怎么样把借呗的信息删除掉	怎么删除借呗借还款	1
753	花呗解冻时间	再次解冻花呗	0
754	为什么我一直用的是银行卡里钱没用花呗上面钱	花呗支付为什么是从银行卡里扣钱	0
755	花呗分期还要利息吗	花呗没法分期了么	0
756	花呗分期利息吵	花呗分期免手续费还会收利息吗	0
757	花呗还迟了每天多少利息	花呗迟了***天还款利息多少	1
758	逾期已还款很久了，为什么还是无法使用花呗	但是我已经还款了没啥还不能用花呗	0
759	开通花呗信誉积分要多少	花呗多少信用分才能开	1
760	花呗分期后能提前还不	花呗分期可以提前还款一期吗	1
761	线下扫码可以花呗吗	花呗可以存钱不	0
762	蚂蚁借呗还款可以使用两个卡吗	蚂蚁借呗没有可以借钱吗	0
763	是因为我取消了支付宝的授权所以你们取消了我借呗嘛	我把借呗取消授权了	0
764	重新注册可以把花呗转移在新号上吗	同一身份证重新注册的支付宝账号可以开花呗借呗吗	0
765	我使用了花呗怎样冲账	前两天使用了花呗支付	0
766	蚂蚁借呗怎么解冻账户	花呗账户被冻结怎么办	1
767	花呗忘记密码了！怎么办	我的花呗支付宝不知道密码怎么办	1
768	花呗要确认收货了才算是吗	用花呗付款要收货后才算借对吗	1
769	我的借呗什么时候恢复	借呗以前能用现在不能用了什么时候恢复	1
770	我的花呗服务被关闭了是怎么回事	花呗为什么关闭不了	0
771	花呗都用在哪里	花呗都能在哪里购物	1
772	花呗绑定银行卡时怎么系统一直繁忙	我在花呗哪里绑定了银行卡 为什么	0
773	花呗有临时提额度吗	花呗额度有限制吗	0
774	个人可以开通信用卡花呗收钱码吗	花呗信用卡二维码申请	0
775	蚂蚁借呗今天最后一天***号还款，最晚在***号几点之前还款	蚂蚁借呗最晚还款日期	0
776	花呗额度多久判定一次	花呗额度什么时候变一次	0
777	三个月消费了不少也绑定了银行卡怎么还解锁不了花呗	为什么我明明绑定银行卡了，怎么花呗还是没有	0
778	花呗签购单什么意思	我有一单***的是什么花呗	0
779	这个提前还花呗了还可以继续使用吗	花呗分期还款可以提前全部结清吗	0
780	之前有蚂蚁借呗，关掉了之后 怎么开通	自己把蚂蚁借呗关了，怎么再次开通	0
781	花呗分期付款的需要付手续费吗	花呗分期怎么才能免手续费	0
782	花呗逾期后要多久才能使用	花呗几时能再次使用	1
783	支付宝没绑银行卡能用花呗吗	在吗，怎么花呗绑定银行卡绑定不起	0
784	能否帮我把蚂蚁花呗重新开通一下	可以帮我暂时开通花呗一个月吗	0
785	花呗绑定了一个支付宝另一个还能开通吗	这个支付宝的花呗关了后，另一个可以开吗	0
786	借呗还了怎么还显示逾期	蚂蚁借呗逾期***天还款会怎样	0
787	我的花呗怎么不能开通	我什么时候能用蚂蚁借呗	0
788	为什么我已经开通花呗和信用卡，收款为什么他们付不了款	商家服务我的为什么不能开通花呗收款	0
789	借呗没法自动还款了	借呗还款怎么不自动扣能	0
790	我用不了蚂蚁借呗	怎么不能用借呗	1
791	花呗分期本金和手续费是谁付的	花呗分期手续费是多少	0
792	沃尔玛超市能不能使用花呗	我的花呗现在只能在天猫超市用了	0
793	如果用花呗分期，还款期限怎么查询	怎么查看花呗还款信息	0
794	小低于***元的付款用花呗要扣手续费吗	花呗支付扣手续费吗	0
795	怎么点击花呗显示系统繁忙	为什么一打开花呗都是系统繁忙	1
796	滴滴打车出租车花呗可以付钱吗	滴滴打车 用花呗 有价格限制吗	0
797	我原来有***元的花呗，我还了花呗了，可以在提升额度吗？显示让我提升额度，提升后是增加了吗	我的意思，比如花呗做分期，我选***期，***期月还***元这***期每月就还***元	0
798	花呗逾期被冻结要怎么解冻	怎么解除蚂蚁花呗冻结	0
799	蚂蚁借呗最大逾期天数是多少	账户余额最高能还蚂蚁借呗多少	0
800	去年开通小号，不知道没有花呗借呗	我之前在花呗 有让我提额 然后我没去提额	0
801	花呗双***使用攻略	花呗使用详细	0
802	双十一借呗有活动么	借呗活动链接	1
803	旧的手机号码的花呗，能不能绑定到新手机号码下面	我的手机号绑定的是现在这个号但是花呗里面是以前的手机号	0
804	电费花呗怎么没发交	为什么交电费不支持花呗付了	1
805	花呗支付以后，为什么没有获得奖励金	超市使用花呗付款后没有奖励金	1
806	花呗人脸识别去除	花呗支付用人脸支付	0
807	蚂蚁花呗咋个开通不了	条件都满足为什么还开通不了花呗	1
808	花呗分期 单笔提前还	花呗分期的钱怎么提前还	0
809	我口碑为什么不可以花呗收款	签约口碑如何收款花呗	0
810	我临时额度都没有，为什么花呗额度是负的	为什么花呗提升的额度是临时的而不是固定的	0
811	花呗可以向商家付钱	可以扫一扫花呗付款吗	0
812	但花呗用不了	我换了下手机号花呗就用不了	0
813	我的花呗怎么还款	我就是，我花呗我都进不去，我怎么换	0
814	想还借呗，没银行卡，怎么还	蚂蚁借呗放款到银行卡显示没有	0
815	蚂蚁借呗只能分六个月还款	蚂蚁借呗为什么只有一个期数	1
816	为什不能花呗收钱	蚂蚁花呗不能收款	1
817	借呗提现到银行卡算提现额度吗	我今天中午把借呗提现到银行卡显示提现成功了	0
818	我是用花呗支付的，为什么现在还要还款***元	我用的是我卡里面的钱怎么花呗里面还要扣这么多钱	0
819	怎样取出花呗里商家退款	退款去花呗了要怎么样拿出来	1
820	蚂蚁花呗临时额度现在负的	我要蚂蚁花呗提临时额度	0
821	我花呗里有个***不知道是什么	我花呗是什么情况	0
822	我的花呗关了为什么显示还没有	为什么我的花呗显示的是关闭状态	0
823	我的怎么没开通，蚂蚁花呗	我怎么开通不了花呗	0
824	为什么我花呗上面有***的额度，买手机不可以分期	等于说用的花呗全额购买，我按照等额方式还款，花呗里必须跟实物价格同等，才可以分期，是这样吗	0
825	我下个月的花呗可以分期吗	我想知道我得花呗账单可以分期付款吗	0
826	花呗退款后怎么还在账单里	退款后钱会还款花呗吗	0
827	花呗九号还款会影响信用吗	花呗还了最低额度还有转到下月账单会影响信用吗	0
828	为什么我退款了花呗钱没到花呗	我上个月花呗还清了，退款为啥没有到我的余额	0
829	我的蚂蚁借呗可以提高吗	我申请了蚂蚁借呗，怎么提现	0
830	蚂蚁借呗还款方式	我需要开通蚂蚁借呗	0
831	可以提前还花呗分期付款的钱吗	花呗分期以后想提前还款	1
832	花呗分期每个月最低还多少	花呗最多分好多期还	0
833	别人可以偷用我的蚂蚁借呗吗	今天用的蚂蚁借呗	0
834	我这个花呗详细账单在哪里看	我的花呗红包在哪里查看	0
835	蚂蚁花呗注销了可以用另一个号开吗	一个账号关闭花呗，名下的另外一个可以开通吗	1
836	花呗电脑如何提前还款	我想提前先还一部分花呗	0
837	我的花呗除了淘宝能买东西其他地方为什么不能使用	我的花呗在支付宝里怎么用不了了，在淘宝可以用	1
838	花呗商家号收款	商家花呗收款为啥只能收***一下	0
839	我的花呗为什么是空白，满屏没有一个字	为什么app花呗没有界面	0
840	花呗逾期三个月有外访什么意思	花呗逾期冻结什么时候解	0
841	用花呗买的东西在哪里看快递	我在蚂蚁花呗买的快递怎么查	1
842	余额宝存的钱转不进去了，我的蚂蚁借呗怎么还	我余额宝钱转不进去，但是我要还蚂蚁借呗里面的钱	1
843	我都是按时还花呗 可是为什么没有蚂蚁借呗	为什么同一个人其他账号没有花呗借呗	0
844	花呗账单付款超期一天会影响信用吗	花呗逾期了会不会影响银行的信用记录	0
845	另一个账号开通花呗	转移花呗到另一个支付宝	0
846	怎么解除两个手机号码登录花呗	手机解绑支付宝再换个手机号登录花呗还能用吗	0
847	为什么我借呗点击提额后，没有额度了	我开通了蚂蚁借呗，怎么提示是呀，暂无信用额度	0
848	我昨天手机坏了，无法换蚂蚁借呗，没事吧	我今天还借呗还晚了一点，手机坏了没有逾期吧	0
849	花呗免息优惠券，或者积分兑换免息页面在哪里	花呗积分兑换的东西在哪看	1
850	美团为什么不能使用花呗付款	为什么在美团外卖上用不了花呗	0
851	蚂蚁花呗如果逾期一天会不会怎么样	蚂蚁花呗逾期会影响贷款吗	0
852	花呗在哪里找到	花呗在哪，找不到	1
853	我现在就想完全关闭花呗的功能	我的花呗刚关闭，想用另一个账号使用开通话呗，但是另一个账号显示我这个账号还在用，是怎么回事	0
854	我开的淘宝店，没有店面能不能开通花呗收款功能	我网店要花呗，只能用现在的手机号开通的店铺	0
855	花呗能主动申请临时额度吗	花呗的零时额度可以申请为正式的吗	0
856	怎么可以花呗提前还清	花呗电脑还款 怎么操作	0
857	花呗被冻结了，怎么解冻	我的花呗冻结了应该怎么解除	1
858	花呗新用户抽到天猫劵但不知道在哪里	花呗抽了一个天猫券 不知道从哪里再找出来	1
859	推迟花呗还款会怎么样	花呗能不能推迟一天还款	0
860	永久无法使用花呗	我无法用花呗	0
861	借呗里的信用贷	是的，我现在在用的账户用不了借呗，以前开的可以用	0
862	为什么花呗催我还款	赔付为什么还要我还花呗	0
863	借呗还款了额度没有恢复	我借呗，提前全部还款了，为什么还没有恢复额度	0
864	我登录花呗为什么老这样显示	为什么花呗不清帐	0
865	我有花呗额度的账号忘记了怎么办	借呗忘记一天怎么办	0
866	借呗今天到期怎么没扣款	没扣款，怎么还借呗	0
867	开通花呗我不用会有额外费用吗	我开通了花呗，如果我不用，不消费，会不会扣年费	1
868	花呗限制消费额度吗	花呗一天消费有限制额度吗	0
869	支付宝号码换了怎么花呗没有换	支付宝更改了手机号后，花呗消费短信没有了	0
870	有花呗入口，但不能支付，是怎么回事	我是美团券***百多不能用花呗，没选项，但是***多的就能用，为什么	0
871	花呗自动还款的程序	就是这个花呗自动还款	1
872	花呗逾期怎么才可以从新开通花呗	花呗被停了怎么开	0
873	用花呗付款后退货要不要收手续费	用花呗分期要手续费，退款后手续费能退吗	0
874	借呗的钱可以转入余额宝中吗	从余额宝转到花呗的钱怎么看不到	0
875	花呗还款请从我的支付宝账号扣除	花呗自动还款，从哪里扣	0
876	蚂蚁借呗没有信用额度怎么办	开通借呗的信用额度具体指什么	0
877	我的花呗***元红包怎么没了	花呗抽红包	0
878	支付宝收钱码花呗信用卡支付宝	申请花呗信用卡收钱	0
879	帮我查花呗的余额	查询我最近花呗额度的增减	0
880	自己花呗里的钱，用了要还的吗	我刚把这个月的花呗还了，现在还可以在使用花呗吗	0
881	怎么没显示花呗了	怎么没有花呗入口	0
882	我现在开通花呗缺少什么条件	花呗需要什么条件开通呀	0
883	双十一的临时花呗额度是和之前花呗的用法一样吗	领取花呗双***临时额度	0
884	蚂蚁借呗可以找他人代还款吗	借呗可以上个月姐下个月还吗	0
885	我今天花呗还款了	我花呗还款什么弄	0
886	花呗分期手机	花呗分期收银台怎么付款	0
887	为什么我的借呗还款期限只有***个月	为什么蚂蚁借呗先前还款期限有***期？现在只有***期	1
888	手机淘宝买东西用了花呗怎么来还钱	花呗里面的钱是怎么还的	1
889	没有开通花呗，可在淘宝买东西不知道怎么用，现在怎么还款	我不知道为什么开通了花呗？我想马上还钱，怎么办呀	0
890	现在借呗借钱只能分期六个月吗	蚂蚁借呗 为什么只能六个月了	0
891	为什么显示我的花呗钱已还清	我花呗之前还了款为什么还会要还	0
892	花呗笔笔返现	到店花呗返现怎么算	0
893	花呗抽中奖的在哪查询	花呗支付笔笔抽奖，抽到奖品在哪查看	1
894	借呗分六期能提前还款吗	蚂蚁借呗可以提前几天还款吗	0
895	你帮我开通借呗	我的蚂蚁借呗怎么一直开通不了	0
896	花呗系统繁忙请稍后再试。怎么办	花呗系统繁忙	0
897	花呗账单刚还***为什么可余额只有***多	花呗还完了 为什么还有欠款	0
898	花呗临时额度转成固定额度	转移花呗额度	0
899	花呗都是可以用	里面的花呗什么的都是共用的吗	0
900	蚂蚁借呗怎么不能先息后本	怎么借不到蚂蚁借呗了	0
901	支付宝支付密码和花呗的支付密码一样么	借呗支付密码和支付宝一个吗	0
902	花呗怎么负额度了	花呗的金额度下滑	0
903	这个花呗，每日使用限额有限制，有上限吗	顾客向商家用花呗有限额吗	0
904	花呗怎么支付才不会被限额	这几天花呗为什么总限额支付	0
905	我的花呗的钱退到哪里去了，为什么没有显示	之前花呗我还款的钱，在花呗交易取消后，去哪了	0
906	我的借呗全部还款成功，怎么没有信用额度了	怎么借呗的额度少了	0
907	我问的是 花呗除了淘宝其他所有平台都用不了	为什么我的借呗怎么没有额度了？以前不是有的吗？突然没了	0
908	花呗是什么样的软件	花呗尽情花，是什么意思	0
909	我换了个手机花呗怎么进不去	手机号换了怎么花呗账号还是原来的	0
910	花呗额度负	各个时期花呗的额度	0
911	花呗分期会影响正常额度吗	蚂蚁借呗分期还款对额度有没有影响	0
912	花呗记录删除	这个花呗咋删除也在家我	0
913	花呗还款了为什么显示没有还	我的花呗已经支付了为何还显示未还款	1
914	为什么我的借呗利是万五	芝麻信用分比别人还多，为什么我的借呗日利率比人高	0
915	花呗临时额度每月***号领取	怎么样提升花呗临时额度	0
916	为什么上个月借呗借的下个月就不得	我的，借呗、还了款，为什么借不了了	0
917	蚂蚁借呗和网商贷是同一个么	借呗和网商贷只能开一个嘛	0
918	买手机办理分期 花呗额度不够 差一千 怎么提升临时额度	花呗临时额度怎么调整	0
919	我的花呗的额度是多少	花呗额度一般会有多少	1
920	开通花呗不了不用扫脸吗	花呗可以用别的账号开通不	0
921	借呗为什么不扣支付宝的钱	借呗还款为何不在余额宝里扣钱	0
922	花呗用了临时额度的资金还时也是和额度的时间一样吗	花呗的临时额度到期现在的可用额度会扣掉吗	0
923	我忘记我以前的账号了。要还花呗还不上	以前的账号有花呗但是以前的账号忘记了	0
924	密付可以用花呗付款	密支付可以 有花呗吗	1
925	蚂蚁借呗什么时候回复到可以借***个月	苹果手机蚂蚁借呗可以借一个月吗	0
926	我花呗的总额多少	我下个月花呗最低还款金额是多少	0
927	花呗和借呗都不见了	花呗，还有借呗都用不了了	0
928	我这个月花呗用了，***月再办分期可以吗	我这个月才使用的花呗。可以分期换款嘛	0
929	花呗能充羊城通	羊城通充值可以用花呗吗	1
930	我要取消花呗开通人脸识别	借呗如何取消人脸识别	0
931	帮我转接借呗逾期还款专线	我的借呗只有还款了	0
932	花呗领了临时额度后下个月可以该回来吗	花呗可以领取临时额度嘛	0
933	花呗借款怎样绑定银行卡还款	如何绑定蚂蚁借呗的银行卡	0
934	这个花呗冻结了	我的花呗冻结了怎么能解冻	1
935	借呗还了就可以带出来了吗	借呗可以先还部分嘛	0
936	花呗还款为啥显示不一样	花呗还款为何提示绑定银行卡	0
937	为什么我的账户不能开通花呗和信用卡收款	不能开通信用卡花呗收款	1
938	我的蚂蚁花呗转移下个月还	我这个月的账单要还多少钱给花呗	0
939	花呗还不起怎么办	蚂蚁花呗忘记还款了怎么办	0
940	借呗还款日到可以主动还款吗	借呗的还款日能否修改	0
941	花呗自动还款凭什么要收手续费	花呗自动全额还款还需要手续费吗	0
942	如何主动申请借呗额增加	如何主动申请借呗提高额度	1
943	借呗有没有三天期限	借呗逾期两天逾期怎么办	0
944	绑定银行卡后花呗还是不能用	花呗不能用支付宝还款吗	0
945	退到花呗里的钱该怎么使用	用了怎么还花呗	0
946	我想取消借呗的功能 可以吗	借呗在逾期期间是否是会无法借款 我的逾期一天	0
947	蚂蚁花呗，我已经还了，为什么蚂蚁借呗提示我还有逾期金没有还	借呗页面显示尚有贷款逾期	0
948	我的花呗额度最高额度有多少	蚂蚁花呗的对应额度	0
949	我的蚂蚁借呗怎么借不了钱了	支付宝借呗是不是规则改了	0
950	账户暂不支持开通花呗收款	账户暂不符合开通收款花呗条件	1
951	借呗一个月可以调整几次额度	借呗限制调整额度	0
952	支付宝的花呗可以淘宝上用吧	淘宝上买东西花呗能用吗	1
953	花呗晚十天还款可以	花呗昨晚维护 不可以还款	0
954	为啥借呗不能分***期了	蚂蚁借呗为什么不能借***期	1
955	另一个账号花呗已经取消了，为什么新的账号还是显示老的账号已经开好	为什么我打开花呗时，会显示建议登录另一个	0
956	为什么有信用度就是开通不了借呗	我的借呗信用跟额度没了	0
957	问下我的支付宝为什么没有借呗	我***个支付宝号 有一个没有借呗 能把另一个转到经常用的号上吗	0
958	为什么无法开通支付宝花呗，和借呗	为什么我能开通是花呗不能开通借呗	0
959	花呗临时额度已经还了，但可用额度还是用不了	我使用的额度，与花呗显示的还款额度不一样	0
960	花呗收款已经开通，顾客这么付款	我已经开通了花呗收款和信用卡收款，但是我不知道怎么收	0
961	我借呗 六个月 可以做一下还款吗	借呗可以前提还那一期的吗	0
962	我花呗逾期了***个月还能恢复是用吗	我花呗逾期了三天，现在全部还清了，蚂蚁借呗多久你恢复	0
963	芝麻信用越高是不是花呗用的也多	花呗开通要多少芝麻信用	0
964	买火车票怎么开通花呗	我用花呗买的火车票退款了为什么还记入记入账单了	0
965	蚂蚁借呗能这个月用下个月还吗	蚂蚁借呗借款***元借六个月 每月还多少	0
966	蚂蚁借呗账户是什么号码	我什么时候才能蚂蚁借呗	0
967	花呗会不会不安全	花呗不安全了	0
968	蚂蚁借呗借了三个月，可以一期全部还清吗	借呗借***个月每个月都还，还是到期一次还清	0
969	借呗每个月用什么还款	为什么现在蚂蚁借呗，还款只有***个月	0
970	今天借呗还款日晚点没事吧	借呗还款晚了***分钟有影响没	0
971	借呗不用会被暂停使用吗	借呗长时间不用会关闭么	0
972	接下来我摩拜单车把押金退了 是用花呗压的	摩拜单车我当时用花呗交的押金 这个款我之前***应该都还完了吧 这退押金又退到花呗里了	0
973	为什么我借呗借的钱还没有到账	借呗钱没到账可以取消吧	0
974	使用花呗已付款，订单显示没有付款	花呗扣款了美团订单显示未付款	1
975	花呗扣钱吗	花呗是到期自动扣款吗	0
976	能取消账户的花呗吗	帮你取消花呗	0
977	花呗已扣款确提示失败	花呗错误扣款	0
978	为什么我不能用花呗付款	我花呗不能充话费了	0
979	只要余额宝有钱，借呗就会自动还款扣费是吗	余额宝上有钱为什么花呗没有自动还款	0
980	蚂蚁花呗得到的优惠券	花呗的优惠券有吗	1
981	花呗什么时候最后还款期限	花呗还款具体时间是什么时候	0
982	花呗输密码给钱	设置花呗交易密码	0
983	花呗临时额度用完了	双十一的时候我花呗额度有临时额度	0
984	花呗***逾期不还一天利息	花呗逾期利息怎么算的	1
985	借呗评估未通过	借呗通过没有	0
986	银行卡扣过了花呗还扣	银行卡支付后 花呗同时扣款	1
987	花呗怎样重新验证	重新申请花呗	0
988	不是的，是退到花呗额度里面，但是花呗的这笔账单也得退掉呀，因为我已经退了，为什么还有这笔账单	为什么我的花呗额度无缘无故掉了一万多	0
989	借呗为什么不能自动还款	蚂蚁借呗自动还款日失败还会自动扣款吗	0
990	我的借呗***号到期还款，可余额宝转不进账怎么办	余额宝无法转入 怎么还借呗	0
991	双十一退款商品使用红包，退款时红包生成花呗账单是什么意思	用了双十一群满返红包的订单 全额退款时花呗账单里红包金额怎么要自己支付的	0
992	用花呗买手机分期了，为什么退款后还收部分费用	我是花呗分期的，退款后扣钱吗	0
993	借呗从哪里进去	蚂蚁借呗借的钱在哪里面	0
994	我之前借呗有***额度提示我可以提升额度我一按我原来的额度也没了	我的借呗申请额度成功了但是借呗页面显示没有信用额度	0
995	使用花呗付款是否需要手续费	用花呗购物需要手续费吗	0
996	借呗银行卡还款怎么限额***	借呗的逾期罚息怎么算	0
997	银行卡和花呗被同时扣款	花呗可以自动扣被锁定了的银行卡里的钱吗	0
998	上次申请借呗失败怎么就不能申请了	怎么我开通不了蚂蚁借呗	0
999	花呗到期没还上	花呗没还款怎么样	1
1000	退款到花呗了，为何还款额没变	为什么花呗退款？ 还款额度还是那么高	0
